<?xml version="1.0" encoding="UTF-8"?>
<dbshards-config version="25" config-version="25">
  <!--
    Editing Instructions:
    
    This dbshards-config.xml file is generated by dbsconfigconverter. 
    The following values must be manually edited after generation:
    
    1) YOURNAMESERVERHOST
    2) YOURMANAGEHOST
    3) YOURDATABASENAME in the <client> section
    4) YOURDATABASEPASSWORD in the agent sections
    5) Uncomment and edit the <dbsmanage><alert> tag for production monitoring
    
  -->
  <!-- Network communications settings -->
  <dbsd port="4000" />
  <network domain="angryshards" discovery="NAMESERVER" nameserver-host="YOURNAMESERVERHOST" nameserver-port="8090" shard-server-count="4" />
  <!-- Name Server -->
  <dbsnameserver id="8888" host="DBSS0001" port="8090" threads="50" />
  <!--dbsManage-->
  <dbsmanage id="9999" host="YOURMANAGEHOST" port="8080">
    <smtp host="smtp.gmail.com" port="587" user="dbsmanage@codefutures.com" password="!dBsMaNaGe!" />
    <email url="http://184.73.253.197:8080/dbsmanage" />
    <!--alert min-level="CRITICAL" recipient="support@dbshards.com" / -->
    <property name="email.interval.minutes" value="10" />
    <property name="process.timeout.seconds" value="30" />
    <property name="memory.min" value="64" />
    <property name="memory.max" value="128" />
  </dbsmanage>
  <!--dbShards/Client, which is an Open Sharding Protocol (OSP) client process-->
  <dbsclient id="9998" host="localhost">
    <!--The port that dbsclient will listen on-->
    <property name="bind.port" value="4545" />
    <!--The number of concurrent OSP connections that can be supported (dbShards currently uses one dedicated server thread per OSP connection) -->
    <property name="num.worker.threads" value="100" />
    <!--How many result rows should be written back to the client in each batch?-->
    <property name="result.batch.size" value="100" />
    <!--
      The database element controls connections from external OSP drivers
      (such as MyOSP, PQOSP) to the dbShards/Client via the OSP protocol.

        name: Name of the database used in a connection string for the OSP driver.
        
        driver: The dbShards driver that the external OSP driver connects to.
        
        url: The JDBC url for the dbShards driver.

      The following attributes control the dbShards/Client connection pool for incoming OSP connections.

        max-conn: Size of the connection pool (this should be the same as num.worker.threads above)
        
        max-wait: How long DbsClient will wait to get a connection from the pool. Since DbsClient
        takes a connection from the pool once when a new OSP connection is established and we 
        configure max-conn to be the same value as num.worker.threads we should 
        never need to wait for a connection so we can set this to 0 (no wait).
        
        idle-timeout: Timeout for idle connections (DbsClient will automatically close connections
        that have been idle for this period of time (in milliseconds)).-->
    <database name="YOURDATABASENAME" driver="com.dbshards.jdbc.Driver" url="jdbc:dbshards:/opt/dbshards/conf/dbshards-config.xml" max-conn="10" max-wait="0" idle-timeout="60000" />
  </dbsclient>
  <!--Replication Agent Properties, applied to all dbShards/Replicate agents-->
  <properties name="repl_agent">
    <property name="memory.min" value="128" />
    <property name="memory.max" value="512" />
    <property name="bind.port" value="4010" />
    <property name="stanardChannel.receiveThreads" value="100" />
    <property name="abortedTX.timeout" value="1800000" />
    <property name="broadcastStats.interval" value="5000" />
    <property name="loggingConsumer.logSize" value="256000000" />
    <property name="data.volume" value="/mnt/dbsdata" />
    <property name="log.volume" value="/mnt/dbslog" />
    <property name="replicationConsumer.enabled" value="true" />
  </properties>
  <!-- dbShards/Replicate agents -->
  <agent id="1" group="1" host="DBSS0001" type="replication">
    <properties refid="repl_agent" />
    <database user="angryshards" password="YOURDATABASEPASSWORD" max-conn="5" />
    <shard id="1" database="sampledb_0001" />
  </agent>
  <agent id="2" group="2" host="DBSS0002" type="replication">
    <properties refid="repl_agent" />
    <database user="angryshards" password="YOURDATABASEPASSWORD" max-conn="5" />
    <shard id="2" database="sampledb_0002" />
  </agent>
  <agent id="1001" group="1" host="DBSS1001" type="replication">
    <properties refid="repl_agent" />
    <database user="angryshards" password="YOURDATABASEPASSWORD" max-conn="5" />
    <shard id="1" database="sampledb_0001" />
  </agent>
  <agent id="1002" group="2" host="DBSS1002" type="replication">
    <properties refid="repl_agent" />
    <database user="angryshards" password="YOURDATABASEPASSWORD" max-conn="5" />
    <shard id="2" database="sampledb_0002" />
  </agent>
  <!-- dbShards/Query agent Properties -->
  <properties name="query_agent">
    <property name="memory.min" value="128" />
    <property name="memory.max" value="512" />
    <property name="bind.port" value="4010" />
    <!--Generate log warnings for queries that exceed this threshold (milliseconds)-->
    <property name="slow.query.threshold" value="1000" />
    <!--Set the number of concurrent queries per Query Agent. Note that the total number of concurrent queries is the # of Query Agents X this setting -->
    <property name="queryAgent.clientThreads" value="10" />
  </properties>
  <!--dbShards/Query agents -->
  <agent id="101" group="1" host="DBSS0001" type="query">
    <properties refid="query_agent" />
    <database user="angryshards" password="YOURDATABASEPASSWORD" max-conn="50" />
    <shard id="1" database="sampledb_0001" />
  </agent>
  <agent id="102" group="1" host="DBSS0002" type="query">
    <properties refid="query_agent" />
    <database user="angryshards" password="YOURDATABASEPASSWORD" max-conn="50" />
    <shard id="2" database="sampledb_0002" />
  </agent>
  <agent id="1101" group="1" host="DBSS1001" type="query">
    <properties refid="query_agent" />
    <database user="angryshards" password="YOURDATABASEPASSWORD" max-conn="50" />
    <shard id="1" database="sampledb_0001" />
  </agent>
  <agent id="1102" group="1" host="DBSS1002" type="query">
    <properties refid="query_agent" />
    <database user="angryshards" password="YOURDATABASEPASSWORD" max-conn="50" />
    <shard id="2" database="sampledb_0002" />
  </agent>
  <!--dbShards/Procedure agents are optionally configured here.-->
  <!--
    The client section controls the connections to physical shards. The connections are JDBC connections,
    which defined in the jdbc element in the database section below.
     
  -->
  <client>
    <!-- Maximum number of JDBC connections per physical shard -->
    <property name="per.shard.conn.pool.max" value="25" />
    <!-- Number of dbShards TCP connections per replication agent (should be same as per.shard.conn.pool.max) -->
    <!-- <property name="per.shard.pipeline.conn" value="25"/> -->
    <!-- We allocate auto increment IDs in batches to reduce the number of times we have to update the dbs_auto_increment table -->
    <property name="auto.increment.batch.size" value="1000" />
    <!-- Set this to "true" to distribute global reads across all shards, or "false" to force global reads to go to shard 1 -->
    <property name="global.read.use.any.shard" value="true" />
    <!-- Slow query log -->
    <property name="slow.query.threshold" value="2000" />
    <!-- JDBC transaction isolation level -->
    <!-- <transaction-isolation-level>REPEATABLE_READ</transaction-isolation-level> -->
  </client>
  <!--Database sharding section-->
  <database>
    <!-- Per-shard connection pool settings ...

      fetch-size: Sets the number of rows to be returned at a single time for a connection. For MySQL, it must be the 
      value '-2147483648' to enable control of result rows returned.
        
      max-wait: How long the dbShards JDBC driver will wait to get a connection from the pool
      before failing with a SQLException.
      
      idle-timeout: Timeout (in milliseconds) for idle connections. dbShards JDBC driver will
      automatically close connections that have been idle for this period of time.
    
    -->
    <jdbc driver="com.mysql.jdbc.Driver" fetch-size="-2147483648" max-wait="0" idle-timeout="60000" isolation-level="READ_COMMITTED">
      <!-- <jdbc driver="com.mysql.jdbc.Driver" fetch-size="-2147483648" max-wait="0" idle-timeout="60000"> -->
      <!-- Settings that will be passed to the JDBC DriverManager.connect() method. Used for driver-specific connection settings. -->
      <jdbc-connection-properties>
        <property name="zeroDateTimeBehavior" value="convertToNull" />
        <property name="useUnicode" value="yes" />
        <property name="characterEncoding" value="UTF-8" />
        <property name="jdbcCompliantTruncation" value="true" />
        <property name="useTimezone" value="true" />
        <!-- See all timezone values at: http://publib.boulder.ibm.com/infocenter/wsdoc400/v6r0/index.jsp?topic=/com.ibm.websphere.iseries.doc/info/ae/ae/adrtzval.html -->
        <property name="serverTimezone" value="Etc/UTC" />

        <!-- enable MySQL prepared statements -->
        <property name="useServerPrepStmts" value="true" />
        <property name="cachePrepStmts" value="true" />

      </jdbc-connection-properties>
    </jdbc>
    <!--
      Shard tables are defined here. 
     -->
  </database>
  <!--
    The number of physical shards and shard mapping to virtual shards is defined here. 
  -->
  <shard-mapping />
</dbshards-config>

