<?xml version="1.0" encoding="UTF-8"?>
<!--
  dbs-database-config.xml
  
  Copyright (c) 2011 CodeFutures Corporation. All rights reserved.
  
  The dbs-database-config.xml is the dbShards configuration for database information.
  The file is generated by the dbsdatabaseconfig utility, based on a DDL file
  or directly against a DBMS. Multiple runs of the utility with an existing 
  dbs-database-config.xml file will append/replace information as appropriate.
  Note that on successive runs an entire schema for a given dbms is replaced in full.
  
  A single <database> element per DBMS is supported, and for relational databases
  contains all tables in the database, nested inside <schema> elements.
  
  Each <table> element contains the following elements:
  
    column-list: The list of columns in the table.
    
    key-list: A list of primary and foreign keys (if any).
    
    ddl: This section contains a statement-list element, with each of the CREATE TABLE, ALTER TABLE or other statements
    related to the table. The ddl section contains the following elements:
    
      statement-list: A list of statement elements.
      
        statement: A 
      create-table-statement: The original CREATE TABLE statement that was used to generate the table information in this config file. 
      This statement is also used to generate a script to apply to the target shard database. The statement is used to create
      the table in the target shard database with the following modifications (as modified during the dbssharder process):
      
        - Any auto increment column modifier is removed, so that the auto increment generation is managed
        exclusively by dbShards. This ensures globally unique auto increment values, with high performance,
        across all shards.
        
      alter-table-statement-list: This is a list of any ALTER TABLE statements, with a single alter-table-statement
      element for each. Each ALTER TABLE statement contains the original statement used to generate this config file.
      The alter-table-statement element contains the following attributes, along with the ALTER TABLE statement text:
      
        - type: The type of statement. Current valid values are: sql-create-table
        - dbs-statement-type: ALTER TABLE statements can be added by the user or by dbShards for certain specific purposes.
        This attribute indicates the purpose for the ALTER TABLE statement. The valid values and definitions are:
        
          - source-schema: The ALTER TABLE was found in the source schema, and IS APPLIED to each shard database where the
          table occurs.
          
          - relational-shard-fk: The ALTER TABLE was added during the dbShards/Analyze process, to add a foreign key in 
          order to include the table in a Relational Shard Tree. This type of ALTER TABLE statement IS NOT APPLIED to 
          the shard database, and is only used by dbShards for the dbssharder process and runtime evaluation of SQL
          statements.
          
          - dbs-shard-key: If a table in a Relational Shard Tree does not have a shard key column, one is added automatically
          by the dbsshardconfiggenerator process. An ALTER TABLE statement is also added for the addition of this column. 
          This ALTER TABLE statement IS APPLIED to each shard database where the table occurs.   
  
    The ddl section is used by the dbssharder to generate a specific schema generation script for each shard database. Note
    that there is a corresponding dbShards shard hint that goes with any ALTER TABLE statements added by dbShards or as part
    of the dbShards/Analyze process:
    
      /* DBS_HINT: dbs_statement_type=sql-alter-table, dbs_action=add-relational-shard-fk */
      
    By prepending this shard hint to any added ALTER TABLE statement, the dbsdatabaseconfiggenerator, dbsshardconfiggenerator
    and dbssharder processes are informed of the purpose of the ALTER TABLE statement and can apply the appropriate processing rules. 
      
-->
<dbs-database-config config-version="1.0">
  <database dbms="mysql">
    <schema name="angryshards">
      <table-list>
        <table name="player">
          <column-list>
            <column name="player_id" column-index="1" data-type="BIGINT" auto-increment="true" />
            <column name="player_email" column-index="2" data-type="VARCHAR(100)" is-nullable="true" />
            <column name="screen_name" column-index="3" data-type="VARCHAR(40)" is-nullable="true" />
            <column name="player_balance" column-index="4" data-type="INTEGER" />
          </column-list>
          <key-list>
            <primary-key name="PK" key-index="1">
              <column name="player_id" column-index="1" />
            </primary-key>
          </key-list>
          <ddl-statement-list>
            <ddl-statement type="sql-create-statement" source="source-schema" action="create-table"><![CDATA[# ---------------------------------------------------------------------- #
# Script generated with: DeZign for Databases v6.3.0                     #
# Target DBMS:           MySQL 5                                         #
# Project file:          angryshards.dez                                 #
# Project name:                                                          #
# Author:                                                                #
# Script type:           Database creation script                        #
# Created on:            2012-07-15 12:20                                #
# ---------------------------------------------------------------------- #


# ---------------------------------------------------------------------- #
# Tables                                                                 #
# ---------------------------------------------------------------------- #

# ---------------------------------------------------------------------- #
# Add table "player"                                                     #
# ---------------------------------------------------------------------- #

CREATE TABLE `player` (
    `player_id` BIGINT NOT NULL AUTO_INCREMENT,
    `player_email` VARCHAR(100),
    `screen_name` VARCHAR(40),
    `player_balance` INTEGER NOT NULL DEFAULT 0,
    CONSTRAINT `PK_player` PRIMARY KEY (`player_id`)
)]]></ddl-statement>
          </ddl-statement-list>
        </table>
        <table name="player_auth">
          <column-list>
            <column name="player_auth_id" column-index="1" data-type="BIGINT" auto-increment="true" />
            <column name="auth_type_code" column-index="2" data-type="SMALLINT" />
            <column name="auth_id" column-index="3" data-type="VARCHAR(100)" />
            <column name="password" column-index="4" data-type="VARCHAR(40)" is-nullable="true" />
            <column name="player_id" column-index="5" data-type="BIGINT" is-nullable="true" />
          </column-list>
          <key-list>
            <primary-key name="PK" key-index="1">
              <column name="player_auth_id" column-index="1" />
            </primary-key>
            <foreign-key name="FK:1" referenced-table="player" schema-name="angryshards" key-index="1">
              <column name="player_id" refers-to="player_id" column-index="5" />
            </foreign-key>
          </key-list>
          <ddl-statement-list>
            <ddl-statement type="sql-create-statement" source="source-schema" action="create-table"><![CDATA[# ---------------------------------------------------------------------- #
# Add table "player_auth"                                                #
# ---------------------------------------------------------------------- #

CREATE TABLE `player_auth` (
    `player_auth_id` BIGINT NOT NULL AUTO_INCREMENT,
    `auth_type_code` SMALLINT NOT NULL,
    `auth_id` VARCHAR(100) NOT NULL,
    `password` VARCHAR(40),
    `player_id` BIGINT,
    CONSTRAINT `PK_player_auth` PRIMARY KEY (`player_auth_id`)
)]]></ddl-statement>
            <ddl-statement type="sql-alter-statement" source="source-schema" action="add-fk"><![CDATA[# ---------------------------------------------------------------------- #
# Foreign key constraints                                                #
# ---------------------------------------------------------------------- #

ALTER TABLE `player_auth` ADD CONSTRAINT `player_player_auth` 
    FOREIGN KEY (`player_id`) REFERENCES `player` (`player_id`)]]></ddl-statement>
          </ddl-statement-list>
        </table>
        <table name="game">
          <column-list>
            <column name="game_id" column-index="1" data-type="INTEGER" auto-increment="true" />
            <column name="game_name" column-index="2" data-type="VARCHAR(100)" />
            <column name="game_description" column-index="3" data-type="VARCHAR(16384)" is-nullable="true" />
            <column name="status_code" column-index="4" data-type="SMALLINT" />
          </column-list>
          <key-list>
            <primary-key name="PK" key-index="1">
              <column name="game_id" column-index="1" />
            </primary-key>
          </key-list>
          <ddl-statement-list>
            <ddl-statement type="sql-create-statement" source="source-schema" action="create-table"><![CDATA[# ---------------------------------------------------------------------- #
# Add table "game"                                                       #
# ---------------------------------------------------------------------- #

CREATE TABLE `game` (
    `game_id` INTEGER NOT NULL AUTO_INCREMENT,
    `game_name` VARCHAR(100) NOT NULL,
    `game_description` VARCHAR(16384),
    `status_code` SMALLINT NOT NULL DEFAULT 10,
    CONSTRAINT `PK_game` PRIMARY KEY (`game_id`)
) COMMENT = 'A game is a unique type of game. Initially there is only a single game, Angry Shards.']]></ddl-statement>
          </ddl-statement-list>
        </table>
        <table name="code">
          <column-list>
            <column name="code_id" column-index="1" data-type="INTEGER" auto-increment="true" />
            <column name="table_name" column-index="2" data-type="VARCHAR(255)" />
            <column name="column_name" column-index="3" data-type="VARCHAR(255)" />
            <column name="code_value" column-index="4" data-type="SMALLINT" />
            <column name="code_name" column-index="5" data-type="VARCHAR(40)" />
            <column name="code_description" column-index="6" data-type="VARCHAR(1024)" is-nullable="true" />
          </column-list>
          <key-list>
            <primary-key name="PK" key-index="1">
              <column name="code_id" column-index="1" />
            </primary-key>
          </key-list>
          <ddl-statement-list>
            <ddl-statement type="sql-create-statement" source="source-schema" action="create-table"><![CDATA[# ---------------------------------------------------------------------- #
# Add table "code"                                                       #
# ---------------------------------------------------------------------- #

CREATE TABLE `code` (
    `code_id` INTEGER NOT NULL AUTO_INCREMENT,
    `table_name` VARCHAR(255) NOT NULL,
    `column_name` VARCHAR(255) NOT NULL,
    `code_value` SMALLINT NOT NULL,
    `code_name` VARCHAR(40) NOT NULL,
    `code_description` VARCHAR(1024),
    CONSTRAINT `PK_code` PRIMARY KEY (`code_id`)
) COMMENT = 'A generic table of code values, using table_name and column_name to uniquely identify a particular code type.']]></ddl-statement>
          </ddl-statement-list>
        </table>
        <table name="player_game">
          <column-list>
            <column name="player_game_id" column-index="1" data-type="BIGINT" auto-increment="true" />
            <column name="player_id" column-index="2" data-type="BIGINT" />
            <column name="type_code" column-index="3" data-type="SMALLINT" is-nullable="true" />
            <column name="status_code" column-index="4" data-type="SMALLINT" is-nullable="true" />
            <column name="game_start" column-index="5" data-type="BIGINT" is-nullable="true" />
            <column name="game_end" column-index="6" data-type="BIGINT" is-nullable="true" />
            <column name="player_score" column-index="7" data-type="INTEGER" />
            <column name="game_id" column-index="8" data-type="INTEGER" is-nullable="true" />
          </column-list>
          <key-list>
            <primary-key name="PK" key-index="1">
              <column name="player_game_id" column-index="1" />
            </primary-key>
            <foreign-key name="FK:1" referenced-table="player" schema-name="angryshards" key-index="1">
              <column name="player_id" refers-to="player_id" column-index="2" />
            </foreign-key>
            <foreign-key name="FK:1" referenced-table="game" schema-name="angryshards" key-index="1">
              <column name="game_id" refers-to="game_id" column-index="8" />
            </foreign-key>
          </key-list>
          <ddl-statement-list>
            <ddl-statement type="sql-create-statement" source="source-schema" action="create-table"><![CDATA[# ---------------------------------------------------------------------- #
# Add table "player_game"                                                #
# ---------------------------------------------------------------------- #

CREATE TABLE `player_game` (
    `player_game_id` BIGINT NOT NULL AUTO_INCREMENT,
    `player_id` BIGINT NOT NULL,
    `type_code` SMALLINT,
    `status_code` SMALLINT,
    `game_start` BIGINT,
    `game_end` BIGINT,
    `player_score` INTEGER NOT NULL DEFAULT 0,
    `game_id` INTEGER,
    CONSTRAINT `PK_player_game` PRIMARY KEY (`player_game_id`)
)]]></ddl-statement>
            <ddl-statement type="sql-alter-statement" source="source-schema" action="add-fk"><![CDATA[ALTER TABLE `player_game` ADD CONSTRAINT `player_player_game` 
    FOREIGN KEY (`player_id`) REFERENCES `player` (`player_id`)]]></ddl-statement>
            <ddl-statement type="sql-alter-statement" source="source-schema" action="add-fk"><![CDATA[ALTER TABLE `player_game` ADD CONSTRAINT `game_player_game` 
    FOREIGN KEY (`game_id`) REFERENCES `game` (`game_id`)]]></ddl-statement>
          </ddl-statement-list>
        </table>
        <table name="game_component">
          <column-list>
            <column name="game_component_id" column-index="1" data-type="INTEGER" auto-increment="true" />
            <column name="game_component_name" column-index="2" data-type="VARCHAR(60)" />
            <column name="game_component_description" column-index="3" data-type="VARCHAR(1024)" is-nullable="true" />
            <column name="type_code" column-index="4" data-type="SMALLINT" />
            <column name="status_code" column-index="5" data-type="SMALLINT" />
            <column name="cost" column-index="6" data-type="INTEGER" />
            <column name="game_id" column-index="7" data-type="INTEGER" is-nullable="true" />
          </column-list>
          <key-list>
            <primary-key name="PK" key-index="1">
              <column name="game_component_id" column-index="1" />
            </primary-key>
            <foreign-key name="FK:1" referenced-table="game" schema-name="angryshards" key-index="1">
              <column name="game_id" refers-to="game_id" column-index="7" />
            </foreign-key>
          </key-list>
          <ddl-statement-list>
            <ddl-statement type="sql-create-statement" source="source-schema" action="create-table"><![CDATA[# ---------------------------------------------------------------------- #
# Add table "game_component"                                             #
# ---------------------------------------------------------------------- #

CREATE TABLE `game_component` (
    `game_component_id` INTEGER NOT NULL AUTO_INCREMENT,
    `game_component_name` VARCHAR(60) NOT NULL,
    `game_component_description` VARCHAR(1024),
    `type_code` SMALLINT NOT NULL,
    `status_code` SMALLINT NOT NULL,
    `cost` INTEGER NOT NULL DEFAULT 0,
    `game_id` INTEGER,
    CONSTRAINT `PK_game_component` PRIMARY KEY (`game_component_id`)
)]]></ddl-statement>
            <ddl-statement type="sql-alter-statement" source="source-schema" action="add-fk"><![CDATA[ALTER TABLE `game_component` ADD CONSTRAINT `game_game_component` 
    FOREIGN KEY (`game_id`) REFERENCES `game` (`game_id`)]]></ddl-statement>
          </ddl-statement-list>
        </table>
        <table name="player_game_component">
          <column-list>
            <column name="player_game_component_id" column-index="1" data-type="BIGINT" auto-increment="true" />
            <column name="cost" column-index="2" data-type="INTEGER" />
            <column name="game_component_id" column-index="3" data-type="INTEGER" is-nullable="true" />
            <column name="player_id" column-index="4" data-type="BIGINT" is-nullable="true" />
          </column-list>
          <key-list>
            <primary-key name="PK" key-index="1">
              <column name="player_game_component_id" column-index="1" />
            </primary-key>
            <foreign-key name="FK:1" referenced-table="game_component" schema-name="angryshards" key-index="1">
              <column name="game_component_id" refers-to="game_component_id" column-index="3" />
            </foreign-key>
            <foreign-key name="FK:1" referenced-table="player" schema-name="angryshards" key-index="1">
              <column name="player_id" refers-to="player_id" column-index="4" />
            </foreign-key>
          </key-list>
          <ddl-statement-list>
            <ddl-statement type="sql-create-statement" source="source-schema" action="create-table"><![CDATA[# ---------------------------------------------------------------------- #
# Add table "player_game_component"                                      #
# ---------------------------------------------------------------------- #

CREATE TABLE `player_game_component` (
    `player_game_component_id` BIGINT NOT NULL AUTO_INCREMENT,
    `cost` INTEGER NOT NULL DEFAULT 0,
    `game_component_id` INTEGER,
    `player_id` BIGINT,
    CONSTRAINT `PK_player_game_component` PRIMARY KEY (`player_game_component_id`)
)]]></ddl-statement>
            <ddl-statement type="sql-alter-statement" source="source-schema" action="add-fk"><![CDATA[ALTER TABLE `player_game_component` ADD CONSTRAINT `game_component_player_game_component` 
    FOREIGN KEY (`game_component_id`) REFERENCES `game_component` (`game_component_id`)]]></ddl-statement>
            <ddl-statement type="sql-alter-statement" source="source-schema" action="add-fk"><![CDATA[ALTER TABLE `player_game_component` ADD CONSTRAINT `player_player_game_component` 
    FOREIGN KEY (`player_id`) REFERENCES `player` (`player_id`)]]></ddl-statement>
          </ddl-statement-list>
        </table>
        <table name="player_transaction">
          <column-list>
            <column name="player_transaction_id" column-index="1" data-type="BIGINT" auto-increment="true" />
            <column name="type_code" column-index="2" data-type="SMALLINT" />
            <column name="status_code" column-index="3" data-type="SMALLINT" />
            <column name="amount" column-index="4" data-type="INTEGER" />
            <column name="player_id" column-index="5" data-type="BIGINT" is-nullable="true" />
          </column-list>
          <key-list>
            <primary-key name="PK" key-index="1">
              <column name="player_transaction_id" column-index="1" />
            </primary-key>
            <foreign-key name="FK:1" referenced-table="player" schema-name="angryshards" key-index="1">
              <column name="player_id" refers-to="player_id" column-index="5" />
            </foreign-key>
          </key-list>
          <ddl-statement-list>
            <ddl-statement type="sql-create-statement" source="source-schema" action="create-table"><![CDATA[# ---------------------------------------------------------------------- #
# Add table "player_transaction"                                         #
# ---------------------------------------------------------------------- #

CREATE TABLE `player_transaction` (
    `player_transaction_id` BIGINT NOT NULL AUTO_INCREMENT,
    `type_code` SMALLINT NOT NULL,
    `status_code` SMALLINT NOT NULL,
    `amount` INTEGER NOT NULL DEFAULT 0,
    `player_id` BIGINT,
    CONSTRAINT `PK_player_transaction` PRIMARY KEY (`player_transaction_id`)
)]]></ddl-statement>
            <ddl-statement type="sql-alter-statement" source="source-schema" action="add-fk"><![CDATA[ALTER TABLE `player_transaction` ADD CONSTRAINT `player_player_transaction` 
    FOREIGN KEY (`player_id`) REFERENCES `player` (`player_id`)]]></ddl-statement>
          </ddl-statement-list>
        </table>
        <table name="player_lookup">
          <column-list>
            <column name="player_lookup_id" column-index="1" data-type="BIGINT" auto-increment="true" />
            <column name="auth_id" column-index="2" data-type="VARCHAR(100)" />
            <column name="player_id" column-index="3" data-type="BIGINT" />
            <column name="player_auth_id" column-index="4" data-type="BIGINT" />
          </column-list>
          <key-list>
            <primary-key name="PK" key-index="1">
              <column name="player_lookup_id" column-index="1" />
            </primary-key>
          </key-list>
          <ddl-statement-list>
            <ddl-statement type="sql-create-statement" source="source-schema" action="create-table"><![CDATA[# ---------------------------------------------------------------------- #
# Add table "player_lookup"                                              #
# ---------------------------------------------------------------------- #

CREATE TABLE `player_lookup` (
    `player_lookup_id` BIGINT NOT NULL DEFAULT 0 AUTO_INCREMENT,
    `auth_id` VARCHAR(100) NOT NULL,
    `player_id` BIGINT NOT NULL,
    `player_auth_id` BIGINT NOT NULL,
    CONSTRAINT `PK_player_lookup` PRIMARY KEY (`player_lookup_id`)
)]]></ddl-statement>
          </ddl-statement-list>
        </table>
        <table name="game_score_amount">
          <column-list>
            <column name="game_score_amount_id" column-index="1" data-type="INTEGER" auto-increment="true" />
            <column name="score_from" column-index="2" data-type="INTEGER" />
            <column name="score_to" column-index="3" data-type="INTEGER" />
            <column name="amount" column-index="4" data-type="INTEGER" />
            <column name="game_id" column-index="5" data-type="INTEGER" is-nullable="true" />
          </column-list>
          <key-list>
            <primary-key name="PK" key-index="1">
              <column name="game_score_amount_id" column-index="1" />
            </primary-key>
            <foreign-key name="FK:1" referenced-table="game" schema-name="angryshards" key-index="1">
              <column name="game_id" refers-to="game_id" column-index="5" />
            </foreign-key>
          </key-list>
          <ddl-statement-list>
            <ddl-statement type="sql-create-statement" source="source-schema" action="create-table"><![CDATA[# ---------------------------------------------------------------------- #
# Add table "game_score_amount"                                          #
# ---------------------------------------------------------------------- #

CREATE TABLE `game_score_amount` (
    `game_score_amount_id` INTEGER NOT NULL AUTO_INCREMENT,
    `score_from` INTEGER NOT NULL DEFAULT 0,
    `score_to` INTEGER NOT NULL DEFAULT 0,
    `amount` INTEGER NOT NULL DEFAULT 0,
    `game_id` INTEGER,
    CONSTRAINT `PK_game_score_amount` PRIMARY KEY (`game_score_amount_id`)
)]]></ddl-statement>
            <ddl-statement type="sql-alter-statement" source="source-schema" action="add-fk"><![CDATA[ALTER TABLE `game_score_amount` ADD CONSTRAINT `game_game_score_amount` 
    FOREIGN KEY (`game_id`) REFERENCES `game` (`game_id`)]]></ddl-statement>
          </ddl-statement-list>
        </table>
        <table name="player_friend">
          <column-list>
            <column name="player_friend_id" column-index="1" data-type="BIGINT" auto-increment="true" />
            <column name="player_id" column-index="2" data-type="BIGINT" />
            <column name="friend_id" column-index="3" data-type="BIGINT" />
            <column name="type_code" column-index="4" data-type="SMALLINT" />
            <column name="status_code" column-index="5" data-type="SMALLINT" />
            <column name="invite_message" column-index="6" data-type="VARCHAR(1024)" is-nullable="true" />
          </column-list>
          <key-list>
            <primary-key name="PK" key-index="1">
              <column name="player_friend_id" column-index="1" />
            </primary-key>
            <foreign-key name="FK:1" referenced-table="player" schema-name="angryshards" key-index="1">
              <column name="player_id" refers-to="player_id" column-index="2" />
            </foreign-key>
          </key-list>
          <ddl-statement-list>
            <ddl-statement type="sql-create-statement" source="source-schema" action="create-table"><![CDATA[# ---------------------------------------------------------------------- #
# Add table "player_friend"                                              #
# ---------------------------------------------------------------------- #

CREATE TABLE `player_friend` (
    `player_friend_id` BIGINT NOT NULL AUTO_INCREMENT,
    `player_id` BIGINT NOT NULL,
    `friend_id` BIGINT NOT NULL,
    `type_code` SMALLINT NOT NULL,
    `status_code` SMALLINT NOT NULL,
    `invite_message` VARCHAR(1024),
    CONSTRAINT `PK_player_friend` PRIMARY KEY (`player_friend_id`)
)]]></ddl-statement>
            <ddl-statement type="sql-alter-statement" source="source-schema" action="add-fk"><![CDATA[ALTER TABLE `player_friend` ADD CONSTRAINT `player_player_friend` 
    FOREIGN KEY (`player_id`) REFERENCES `player` (`player_id`)]]></ddl-statement>
          </ddl-statement-list>
        </table>
        <table name="leader_board">
          <column-list>
            <column name="leader_board_id" column-index="1" data-type="BIGINT" auto-increment="true" />
            <column name="player_id" column-index="2" data-type="BIGINT" />
            <column name="score" column-index="3" data-type="INTEGER" />
          </column-list>
          <key-list>
            <primary-key name="PK" key-index="1">
              <column name="leader_board_id" column-index="1" />
            </primary-key>
          </key-list>
          <ddl-statement-list>
            <ddl-statement type="sql-create-statement" source="source-schema" action="create-table"><![CDATA[# ---------------------------------------------------------------------- #
# Add table "leader_board"                                               #
# ---------------------------------------------------------------------- #

CREATE TABLE `leader_board` (
    `leader_board_id` BIGINT NOT NULL AUTO_INCREMENT,
    `player_id` BIGINT NOT NULL,
    `score` INTEGER NOT NULL,
    CONSTRAINT `PK_leader_board` PRIMARY KEY (`leader_board_id`)
)]]></ddl-statement>
          </ddl-statement-list>
        </table>
        <table name="player_game_opponent">
          <column-list>
            <column name="player_game_opponent_id" column-index="1" data-type="BIGINT" auto-increment="true" />
            <column name="opponent_player_id" column-index="2" data-type="BIGINT" />
            <column name="opponent_screen_name" column-index="3" data-type="VARCHAR(40)" />
            <column name="challenge_message" column-index="4" data-type="VARCHAR(1024)" is-nullable="true" />
            <column name="opponent_score" column-index="5" data-type="INTEGER" />
            <column name="status_code" column-index="6" data-type="SMALLINT" />
            <column name="player_game_id" column-index="7" data-type="BIGINT" is-nullable="true" />
            <column name="player_friend_id" column-index="8" data-type="BIGINT" is-nullable="true" />
            <column name="dbs_player_id" column-index="8" data-type="BIGINT" />
          </column-list>
          <key-list>
            <primary-key name="PK" key-index="1">
              <column name="player_game_opponent_id" column-index="1" />
            </primary-key>
            <foreign-key name="FK:1" referenced-table="player_friend" schema-name="angryshards" key-index="1">
              <column name="player_friend_id" refers-to="player_friend_id" column-index="8" />
            </foreign-key>
            <foreign-key name="FK:1" referenced-table="player_game" schema-name="angryshards" key-index="1">
              <column name="player_game_id" refers-to="player_game_id" column-index="7" />
            </foreign-key>
          </key-list>
          <ddl-statement-list>
            <ddl-statement type="sql-create-statement" source="source-schema" action="create-table"><![CDATA[# ---------------------------------------------------------------------- #
# Add table "player_game_opponent"                                       #
# ---------------------------------------------------------------------- #

CREATE TABLE `player_game_opponent` (
    `player_game_opponent_id` BIGINT NOT NULL AUTO_INCREMENT,
    `opponent_player_id` BIGINT NOT NULL,
    `opponent_screen_name` VARCHAR(40) NOT NULL,
    `challenge_message` VARCHAR(1024),
    `opponent_score` INTEGER NOT NULL DEFAULT 0,
    `status_code` SMALLINT NOT NULL,
    `player_game_id` BIGINT,
    `player_friend_id` BIGINT,
    CONSTRAINT `PK_player_game_opponent` PRIMARY KEY (`player_game_opponent_id`)
)]]></ddl-statement>
            <ddl-statement type="sql-alter-statement" source="source-schema" action="add-fk"><![CDATA[ALTER TABLE `player_game_opponent` ADD CONSTRAINT `player_friend_player_game_opponent` 
    FOREIGN KEY (`player_friend_id`) REFERENCES `player_friend` (`player_friend_id`)]]></ddl-statement>
            <ddl-statement type="sql-alter-statement" source="source-schema" action="add-fk"><![CDATA[ALTER TABLE `player_game_opponent` ADD CONSTRAINT `player_game_player_game_opponent` 
    FOREIGN KEY (`player_game_id`) REFERENCES `player_game` (`player_game_id`)]]></ddl-statement>
            <ddl-statement type="sql-alter-statement" source="dbshards" action="add-dbs-shard-key"><![CDATA[ALTER TABLE player_game_opponent ADD COLUMN dbs_player_id BIGINT;]]></ddl-statement>
          </ddl-statement-list>
        </table>
        <table name="stat_code">
          <column-list>
            <column name="stat_code" column-index="1" data-type="SMALLINT" />
            <column name="stat_name" column-index="2" data-type="VARCHAR(60)" />
            <column name="stat_description" column-index="3" data-type="VARCHAR(1024)" is-nullable="true" />
          </column-list>
          <key-list>
            <primary-key name="PK" key-index="1">
              <column name="stat_code" column-index="1" />
            </primary-key>
          </key-list>
          <ddl-statement-list>
            <ddl-statement type="sql-create-statement" source="source-schema" action="create-table"><![CDATA[# ---------------------------------------------------------------------- #
# Add table "stat_code"                                                  #
# ---------------------------------------------------------------------- #

CREATE TABLE `stat_code` (
    `stat_code` SMALLINT NOT NULL,
    `stat_name` VARCHAR(60) NOT NULL,
    `stat_description` VARCHAR(1024),
    CONSTRAINT `PK_stat_code` PRIMARY KEY (`stat_code`)
)]]></ddl-statement>
          </ddl-statement-list>
        </table>
        <table name="player_stat">
          <column-list>
            <column name="player_stat_id" column-index="1" data-type="BIGINT" auto-increment="true" />
            <column name="stat_code" column-index="2" data-type="SMALLINT" />
            <column name="stat_value" column-index="3" data-type="INTEGER" />
            <column name="stat_timestamp" column-index="4" data-type="TIMESTAMP" />
            <column name="player_id" column-index="5" data-type="BIGINT" is-nullable="true" />
          </column-list>
          <key-list>
            <primary-key name="PK" key-index="1">
              <column name="player_stat_id" column-index="1" />
            </primary-key>
            <foreign-key name="FK:1" referenced-table="player" schema-name="angryshards" key-index="1">
              <column name="player_id" refers-to="player_id" column-index="5" />
            </foreign-key>
            <foreign-key name="FK:1" referenced-table="stat_code" schema-name="angryshards" key-index="1">
              <column name="stat_code" refers-to="stat_code" column-index="2" />
            </foreign-key>
          </key-list>
          <ddl-statement-list>
            <ddl-statement type="sql-create-statement" source="source-schema" action="create-table"><![CDATA[# ---------------------------------------------------------------------- #
# Add table "player_stat"                                                #
# ---------------------------------------------------------------------- #

CREATE TABLE `player_stat` (
    `player_stat_id` BIGINT NOT NULL AUTO_INCREMENT,
    `stat_code` SMALLINT NOT NULL,
    `stat_value` INTEGER NOT NULL,
    `stat_timestamp` TIMESTAMP NOT NULL,
    `player_id` BIGINT,
    CONSTRAINT `PK_player_stat` PRIMARY KEY (`player_stat_id`)
)]]></ddl-statement>
            <ddl-statement type="sql-alter-statement" source="source-schema" action="add-fk"><![CDATA[ALTER TABLE `player_stat` ADD CONSTRAINT `player_player_stat` 
    FOREIGN KEY (`player_id`) REFERENCES `player` (`player_id`)]]></ddl-statement>
            <ddl-statement type="sql-alter-statement" source="source-schema" action="add-fk"><![CDATA[ALTER TABLE `player_stat` ADD CONSTRAINT `stat_code_player_stat` 
    FOREIGN KEY (`stat_code`) REFERENCES `stat_code` (`stat_code`)]]></ddl-statement>
          </ddl-statement-list>
        </table>
        <table name="player_game_round">
          <column-list>
            <column name="player_game_round_id" column-index="1" data-type="BIGINT" auto-increment="true" />
            <column name="player_score" column-index="2" data-type="INTEGER" />
            <column name="player_id" column-index="3" data-type="BIGINT" />
            <column name="player_game_id" column-index="4" data-type="BIGINT" is-nullable="true" />
          </column-list>
          <key-list>
            <primary-key name="PK" key-index="1">
              <column name="player_game_round_id" column-index="1" />
            </primary-key>
            <foreign-key name="FK:1" referenced-table="player_game" schema-name="angryshards" key-index="1">
              <column name="player_game_id" refers-to="player_game_id" column-index="4" />
            </foreign-key>
          </key-list>
          <ddl-statement-list>
            <ddl-statement type="sql-create-statement" source="source-schema" action="create-table"><![CDATA[# ---------------------------------------------------------------------- #
# Add table "player_game_round"                                          #
# ---------------------------------------------------------------------- #

CREATE TABLE `player_game_round` (
    `player_game_round_id` BIGINT NOT NULL AUTO_INCREMENT,
    `player_score` INTEGER NOT NULL,
    `player_id` BIGINT NOT NULL,
    `player_game_id` BIGINT,
    CONSTRAINT `PK_player_game_round` PRIMARY KEY (`player_game_round_id`)
)]]></ddl-statement>
            <ddl-statement type="sql-alter-statement" source="source-schema" action="add-fk"><![CDATA[ALTER TABLE `player_game_round` ADD CONSTRAINT `player_game_player_game_round` 
    FOREIGN KEY (`player_game_id`) REFERENCES `player_game` (`player_game_id`)]]></ddl-statement>
          </ddl-statement-list>
        </table>
      </table-list>
    </schema>
  </database>
</dbs-database-config>

